benchmark_set,best_score
BTBNSL_wt-,0.9809516456158156
MinimumWei,0.9951540218497684
Parametric,0.9782397241956536
abstractio,0.9559428201638372
af-synthes,0.9723726399155564
causal-dis,0.5209337827366896
correlatio,0.9583267542794686
decision-t,0.6074940285798773
drmx-crypt,0.9854843132402108
judgment-a,1.0
lisbon-wed,0.7694039222531867
protein_in,1.0
railway-tr,0.702096973393932
setcover_w,0.9827563070316692
switchinga,0.0
synplicate,0.4927202550021273
timetablin,0.22609968278618942
