benchmark_set,best_score
abstractio,874.2575591091205
af-synthes,0.2932602997661174
